GEO Accession,Sample,Type,Gene,Scheme
GSM8763618,GRHL1_KO_D02_GT23-10494_TCTCTACT-GAACCGCG_S26,KO,GRHL1,primitive syncytium formation
GSM8763619,GRHL1_KO_G04_GT23-10495_CTCTCGTC-AGGTTATA_S15,KO,GRHL1,primitive syncytium formation
GSM8763620,GRHL1_KO_H04_GT23-10496_CCAAGTCT-TCATCCTT_S35,KO,GRHL1,primitive syncytium formation
GSM8763621,GRHL1_CE_A05_GT23-10497_TTGGACTC-CTGCTTCC_S12,CE,GRHL1,primitive syncytium formation
GSM8763622,GRHL1_CE_A08_GT23-10498_CAGTAGGC-ATTCGTCA_S39,CE,GRHL1,primitive syncytium formation
GSM8763623,GRHL1_CE_D07_GT23-10499_TGACGAAT-GCCTACTG_S31,CE,GRHL1,primitive syncytium formation
GSM8763624,GRHL1_PTC_A09_GT23-10500_TAATACAG-GTGAATAT_S2,PTC,GRHL1,primitive syncytium formation
GSM8763625,GRHL1_PTC_A10_GT23-10501_CGGCGTGA-ACAGGCGC_S30,PTC,GRHL1,primitive syncytium formation
GSM8763626,GRHL1_PTC_C09_GT23-10502_ATGTAAGT-CATAGAGT_S19,PTC,GRHL1,primitive syncytium formation
GSM8763627,KOLF2_GRHL1_2_GT23-10492_TTACAGGA-GCTTGTCA_S6,WT,GRHL,primitive syncytium formation
GSM8763628,POU2F3_KO_B04_GT23-10503_GCACGGAC-TGCGAGAC_S14,KO,POU2F3,primitive syncytium formation
GSM8763629,POU2F3_KO_F04_GT23-10504_GGTACCTT-GACGTCTT_S33,KO,POU2F3,primitive syncytium formation
GSM8763630,POU2F3_KO_G03_GT23-10505_AACGTTCC-AGTACTCC_S37,KO,POU2F3,primitive syncytium formation
GSM8763631,POU2F3_CE_B05_GT23-10506_GCAGAATT-TGGCCGGT_S17,CE,POU2F3,primitive syncytium formation
GSM8763632,POU2F3_CE_A06_GT23-10507_ATGAGGCC-CAATTAAC_S24,CE,POU2F3,primitive syncytium formation
GSM8763633,POU2F3_CE_B06_GT23-10508_ACTAAGAT-CCGCGGTT_S23,CE,POU2F3,primitive syncytium formation
GSM8763634,POU2F3_PTC_A09_GT23-10509_GTCGGAGC-TTATAACC_S7,PTC,POU2F3,primitive syncytium formation
GSM8763635,POU2F3_PTC_A10_GT23-10510_CTTGGTAT-GGACTTGG_S42,PTC,POU2F3,primitive syncytium formation
GSM8763636,POU2F3_PTC_G09_GT23-10511_TCCAACGC-AAGTCCAA_S29,PTC,POU2F3,primitive syncytium formation
GSM8763637,KOLF2_POU2F3_1_GT23-10491_CCGTGAAG-ATCCACTG_S38,WT,POU2F3,primitive syncytium formation
GSM8763638,KO_A03__Hypoxia_GT23-11303_TGACGAAT-GCCTACTG_S33,KO,EPAS1,primitive syncytium formation
GSM8763639,KO_B01__Hypoxia_GT23-11304_TAATACAG-GTGAATAT_S26,KO,EPAS1,primitive syncytium formation
GSM8763640,KO_B02__Hypoxia_GT23-11305_CGGCGTGA-ACAGGCGC_S18,KO,EPAS1,primitive syncytium formation
GSM8763641,CE_E06__Hypoxia_GT23-11306_ATGTAAGT-CATAGAGT_S38,CE,EPAS1,primitive syncytium formation
GSM8763642,CE_G07__Hypoxia_GT23-11307_GCACGGAC-TGCGAGAC_S17,CE,EPAS1,primitive syncytium formation
GSM8763643,CE_H06__Hypoxia_GT23-11308_GGTACCTT-GACGTCTT_S19,CE,EPAS1,primitive syncytium formation
GSM8763644,PTC_A09__Hypoxia_GT23-11309_AACGTTCC-AGTACTCC_S30,PTC,EPAS1,primitive syncytium formation
GSM8763645,PTC_D10__Hypoxia_GT23-11310_GCAGAATT-TGGCCGGT_S22,PTC,EPAS1,primitive syncytium formation
GSM8763646,PTC_G09__Hypoxia_GT23-11311_ATGAGGCC-CAATTAAC_S28,PTC,EPAS1,primitive syncytium formation
GSM8763647,WT_1__Hypoxia_GT23-11300_CCAAGTCT-TCATCCTT_S29,WT,EPAS1,primitive syncytium formation
GSM8763648,WT_2__Hypoxia_GT23-11301_TTGGACTC-CTGCTTCC_S37,WT,EPAS1,primitive syncytium formation
GSM8763649,WT_3__Hypoxia_GT23-11302_CAGTAGGC-ATTCGTCA_S34,WT,EPAS1,primitive syncytium formation
GSM8763650,KO_A03__Normoxia_GT23-11291_AAGTCCAA-TACTCATA_S31,KO,EPAS1,primitive syncytium formation
GSM8763651,KO_B01__Normoxia_GT23-11292_ATCCACTG-ACGCACCT_S24,KO,EPAS1,primitive syncytium formation
GSM8763652,KO_B02__Normoxia_GT23-11293_CTGCTTCC-GATCTATC_S63,KO,EPAS1,primitive syncytium formation
GSM8763653,CE_E06__Normoxia_GT23-11294_CAAGCTAG-CGCTATGT_S35,CE,EPAS1,primitive syncytium formation
GSM8763654,CE_G07__Normoxia_GT23-11295_TGGATCGA-TATCGCAC_S25,CE,EPAS1,primitive syncytium formation
GSM8763655,CE_H06__Normoxia_GT23-11296_AGTTCAGG-TCTGTTGG_S20,CE,EPAS1,primitive syncytium formation
GSM8763656,PTC_A09__Normoxia_GT23-11297_GACCTGAA-CTCACCAA_S16,PTC,EPAS1,primitive syncytium formation
GSM8763657,PTC_D10__Normoxia_GT23-11298_TCTCTACT-GAACCGCG_S32,PTC,EPAS1,primitive syncytium formation
GSM8763658,PTC_G09__Normoxia_GT23-11299_CTCTCGTC-AGGTTATA_S23,PTC,EPAS1,primitive syncytium formation
GSM8763659,WT_1__Normoxia_GT23-11288_CCGCGGTT-CTAGCGCT_S39,WT,EPAS1,primitive syncytium formation
GSM8763660,WT_2__Normoxia_GT23-11289_TTATAACC-TCGATATC_S27,WT,EPAS1,primitive syncytium formation
GSM8763661,WT_3__Normoxia_GT23-11290_GGACTTGG-CGTCTGCG_S36,WT,EPAS1,primitive syncytium formation
GSM8763662,FOSB_KO_B04_GT23-10490_AGTTCAGG-TCTGTTGG_S16,KO,FOSB,primitive syncytium formation
GSM8763663,FOSB_KO_C02_GT23-10489_TGGATCGA-TATCGCAC_S1,KO,FOSB,primitive syncytium formation
GSM8763664,FOSB_KO_E04_GT23-10488_CAAGCTAG-CGCTATGT_S20,KO,FOSB,primitive syncytium formation
GSM8763665,FOSB_CE_C05_GT23-10483_TTATAACC-TCGATATC_S27,CE,FOSB,primitive syncytium formation
GSM8763666,FOSB_CE_C08_GT23-10482_CCGCGGTT-CTAGCGCT_S36,CE,FOSB,primitive syncytium formation
GSM8763667,FOSB_CE_D07_GT23-10484_GGACTTGG-CGTCTGCG_S22,CE,FOSB,primitive syncytium formation
GSM8763668,FOSB_PTC_A10_GT23-10487_GCTTGTCA-GTATGTTC_S28,PTC,FOSB,primitive syncytium formation
GSM8763669,FOSB_PTC_B09_GT23-10486_ATCCACTG-ACGCACCT_S41,PTC,FOSB,primitive syncytium formation
GSM8763670,FOSB_PTC_C11_GT23-10485_AAGTCCAA-TACTCATA_S21,PTC,FOSB,primitive syncytium formation
GSM8763671,KOLF2_FOSB_1_GT23-10493_GACCTGAA-CTCACCAA_S32,WT,FOSB,primitive syncytium formation
GSM8763672,GCM1_KO_C1_GT23-11436_TCCAACGC-AAGTCCAA_S58,KO,GCM1,primitive syncytium formation
GSM8763673,GCM1_KO_E4_GT23-11437_CCGTGAAG-ATCCACTG_S56,KO,GCM1,primitive syncytium formation
GSM8763674,GCM1_KO_G4_GT23-11438_TTACAGGA-GCTTGTCA_S53,KO,GCM1,primitive syncytium formation
GSM8763675,GCM1_CE_D6_GT23-11439_GGCATTCT-CAAGCTAG_S49,CE,GCM1,primitive syncytium formation
GSM8763676,GCM1_CE_G6_GT23-11440_AATGCCTC-TGGATCGA_S59,CE,GCM1,primitive syncytium formation
GSM8763677,GCM1_CE_G8_GT23-11441_TACCGAGG-AGTTCAGG_S44,CE,GCM1,primitive syncytium formation
GSM8763678,GCM1_PTC_A11_GT23-11442_CGTTAGAA-GACCTGAA_S52,PTC,GCM1,primitive syncytium formation
GSM8763679,GCM1_PTC_B12_GT23-11443_AGCCTCAT-TCTCTACT_S51,PTC,GCM1,primitive syncytium formation
GSM8763680,GCM1_PTC_E11_GT23-11444_GATTCTGC-CTCTCGTC_S47,PTC,GCM1,primitive syncytium formation
GSM8763681,GCM1_WT_1_GT23-11433_ACTAAGAT-CCGCGGTT_S57,WT,GCM1,primitive syncytium formation
GSM8763682,GCM1_WT_2_GT23-11434_GTCGGAGC-TTATAACC_S46,WT,GCM1,primitive syncytium formation
GSM8763683,GCM1_WT_3_GT23-11435_CTTGGTAT-GGACTTGG_S41,WT,GCM1,primitive syncytium formation
GSM8763684,PPARG_KO_E02_GT23-11448_CGGACAAC-AATCCGGA_S60,KO,PPARG,primitive syncytium formation
GSM8763685,PPARG_KO_G02_GT23-11449_ATATGGAT-TAATACAG_S50,KO,PPARG,primitive syncytium formation
GSM8763686,PPARG_KO_H02_GT23-11450_GCGCAAGC-CGGCGTGA_S40,KO,PPARG,primitive syncytium formation
GSM8763687,PPARG_CE_D08_GT23-11451_AAGATACT-ATGTAAGT_S61,CE,PPARG,primitive syncytium formation
GSM8763688,PPARG_CE_G05_GT23-11452_GGAGCGTC-GCACGGAC_S48,CE,PPARG,primitive syncytium formation
GSM8763689,PPARG_CE_H05_GT23-11453_ATGGCATG-GGTACCTT_S62,CE,PPARG,primitive syncytium formation
GSM8763690,PPARG_PTC_A10_GT23-11454_GCAATGCA-AACGTTCC_S54,PTC,PPARG,primitive syncytium formation
GSM8763691,PPARG_PTC_D10_GT23-11455_GTTCCAAT-GCAGAATT_S63,PTC,PPARG,primitive syncytium formation
GSM8763692,PPARG_PTC_E12_GT23-11456_ACCTTGGC-ATGAGGCC_S45,PTC,PPARG,primitive syncytium formation
GSM8763693,PPARG_WT_1_GT23-11445_TCGTAGTG-CCAAGTCT_S43,WT,PPARG,primitive syncytium formation
GSM8763694,PPARG_WT_2_GT23-11446_CTACGACA-TTGGACTC_S42,WT,PPARG,primitive syncytium formation
GSM8763695,PPARG_WT_3_GT23-11447_TAAGTGGT-GGCTTAAG_S55,WT,PPARG,primitive syncytium formation
GSM8763696,ISL1_KO_A02_GT23-12147_GGTGAACC-TCCAACGC_S5,KO,ISL1,mesenchymal cell formation
GSM8763697,ISL1_KO_D04_GT23-12148_CAACAATG-CCGTGAAG_S3,KO,ISL1,mesenchymal cell formation
GSM8763698,ISL1_KO_F04_GT23-12149_TGGTGGCA-TTACAGGA_S17,KO,ISL1,mesenchymal cell formation
GSM8763699,ISL1_CE_A06_GT23-12150_GTTCGCCG-CAATGAGC_S24,CE,ISL1,mesenchymal cell formation
GSM8763700,ISL1_CE_B05_GT23-12151_CACGAGCG-TGGCAGAT_S27,CE,ISL1,mesenchymal cell formation
GSM8763701,ISL1_CE_D01_GT23-12152_TGCGGCGT-TACCGAGG_S15,CE,ISL1,mesenchymal cell formation
GSM8763702,ISL1_PTC_A10_GT23-12153_CATAATAC-CGTTAGAA_S20,PTC,ISL1,mesenchymal cell formation
GSM8763703,ISL1_PTC_C12_GT23-12154_GATCTATC-AGCCTCAT_S21,PTC,ISL1,mesenchymal cell formation
GSM8763704,ISL1_PTC_D10_GT23-12155_AGCTCGCT-GATTCTGC_S32,PTC,ISL1,mesenchymal cell formation
GSM8763705,ISL1_WT_1_GT23-12144_ATATCTCG-ACTAAGAT_S33,WT,ISL1,mesenchymal cell formation
GSM8763706,ISL1_WT_2_GT23-12145_GCGCTCTA-GTCGGAGC_S29,WT,ISL1,mesenchymal cell formation
GSM8763707,ISL1_WT_3_GT23-12146_AACAGGTT-CTTGGTAT_S23,WT,ISL1,mesenchymal cell formation